"","X","species","mat.low","mat.high","mat","map.low","map.high","map","tmin.low","tmin.high","tmin","etp.low","etp.high","etp","la","sla","ssd","sm","mean_ldmc","min_ldmc","max_ldmc","shade_tol_mean","shade_tol_sd","group","new_gp"
"1",1,"Abies alba",4,11.8,8.27708027247228,563,1779,1048.6302479854,-8.7,2.1,-3.27152842705133,49.87,83.921,66.0260626418116,57.841588024758,6.12722987249405,0.389097104071429,61.477,0.522390793828887,0.0542857142857143,0.89793023255814,4.6,0.06,"D","gymno"
"2",2,"Abies amabilis",2.2975,10.7,6.19888888888889,754.85,3388,2168.29444444444,-8.8075,4.60749999999999,-3.17,50.64975,76.99125,62.5602777777778,NA,NA,0.42,39.0578603333333,NA,NA,NA,4.21,0.37,"D","gymno"
"3",3,"Abies balsamea",1.8,8.4,5.8973908802731,580.5,1565,1015.41404535479,-20.4,-6.6,-12.216825164594,56.8085,79.2055,66.7391006580551,34.20275482,7.288423425,0.396606928333333,7.6215572,0.6452,0.6452,0.6452,5.01,0.09,"D","gymno"
"4",4,"Abies concolor",4.7,13,8.17417702999268,229.15,1332.5,582.46671543526,-11.9,0.184999999999991,-5.925237746891,49.7735,122.77275,88.6931725146199,52.525,5.43963303688103,0.3901515625,30.7752957592593,0.452686206896552,0.391805,0.6129,4.33,0.28,"D","gymno"
"5",5,"Abies grandis",6.3,13.2,9.50163111668758,517,1901.25,952.075700543706,-6.6,6.125,-0.155876202425763,51.52475,86.6005,66.9050501253133,93.66,8.915,0.445649445,20.8285004444444,0.3455,0.309875,0.381125,4.01,0.19,"D","gymno"
"6",6,"Abies lasiocarpa",-2.9,6.9925,2.17847682119205,281,3023.8,1074.05463576159,-18.7,-3.7075,-10.6675496688742,43.71525,91.49,65.5781622516556,77.2491181666667,3.93791596419444,0.372492532694444,16.8208648020833,0.50828275862069,0.45645,0.61532,4.83,0.15,"D","gymno"
"7",7,"Abies magnifica",3.18,8.42,5.44513274336283,321.2,1785.8,992.398230088496,-10.82,-4.74,-8.49203539823009,76.412,105.446,91.7180530973451,NA,NA,0.42,69.6032676492063,NA,NA,NA,3.5,0.22,"D","gymno"
"8",8,"Acer campestre",7.7,14,10.3758263959037,549,1343,817.426707072114,-4.9,3.6,-0.0410533282245986,57.07,88.07175,69.9828728217741,2935.15032727273,18.2251401839731,0.585676279166667,53.164108561086,0.360046770212743,0.28,0.441,3.18,0.14,"A","angio"
"9",9,"Acer negundo",2.6,18.9,10.7612900326553,376,1275.55,752.397615267084,-19.7,6.4,-3.48686299769316,51.42,114.54,77.1006292491539,3600.09388174883,25.5583750493438,0.462,26.0133746990741,0.295936339017402,0.19642857143,0.437918707423967,3.47,0.1,"A","angio"
"10",10,"Acer opalus",4.4,13.5,9.47453896490184,612,1565.85,1027.46936347412,-8,2.3,-2.55506642871307,59.063,96.5555,76.5605709754163,4125.8348,18.9821318510477,0.3222238125664,72.6718518518519,NA,NA,NA,3.48,0.1,"A","angio"
"11",11,"Acer pseudoplatanus",5.8,12.7,9.44309003521737,557,1758,908.706476242711,-6.7,4.1,-0.487573610068703,49.42,82.68,65.5690784174366,7193.14594207519,19.667364821583,0.47079495625,59.464500375,0.352510929478933,0.258445945946149,0.3984240231635,3.73,0.21,"A","angio"
"12",12,"Acer rubrum",4.6,21.7,11.2667031563583,758,1566,1116.33004926108,-15.7,10.2,-5.03035030103996,61.32,121.73,83.5214513774859,5436.47617358173,17.4562038947567,0.515112242836364,21.9294528328571,0.282479663620909,0.2373987268515,0.445745,3.44,0.23,"A","angio"
"13",13,"Acer saccharinum",6.0175,16.1,10.3488240979381,530.175,1312.825,901.535760309278,-14.5,2,-4.85376932989691,56.80175,110.28825,76.8297132731959,2266.5,25.4057423225,0.66,175.095680333333,0.28788,0.204085,0.39968,3.6,0.31,"A","angio"
"14",14,"Acer saccharum",4.3,14.3,8.78251377702416,736,1437.15,1017.81920305214,-16.2,-1.4,-8.75294616362866,61.54625,97.5115,75.8126918185672,5907.91823904866,19.446965056723,0.763074074074074,70.7013882527778,0.327080518731104,0.265531328715365,0.37762430939,4.76,0.11,"A","angio"
"15",15,"Alnus glutinosa",4.7,15.4,9.13427515889509,528,1449.67499999999,789.894886191014,-9.8,4.5,-1.35157922879677,46.78,95.0414999999999,65.0750960657627,2743.37965404301,26.4378963320866,0.422697772619048,1.20043125714286,0.328242843243816,0.25155611211,0.39622,2.71,0.5,"A","angio"
"16",16,"Alnus rubra",6.4,13.78,10.4983457402812,695.2,3213.6,1673.27212572374,-4.56,6.9,1.8893300248139,52.08,89.445,66.3952436003303,NA,NA,0.43,0.727129666666667,NA,NA,NA,1.83,0.21,"A","angio"
"17",17,"Arbutus menziesii",9.4,15.6,12.5620524296675,503,1825.95,956.301150895141,-0.9,6.8,3.48356777493606,63.64,114.93,89.8451756066411,4614.07274633333,7.18550657120833,0.57,106.105069642857,0.4455,0.429425,0.453925,3.32,0.34,"C","angio"
"18",18,"Betula alleghaniensis",3.9,10.9,7.24879935965848,743,1505.325,1055.79162219851,-16.3,-4.9,-10.3815901814301,59.854,85.181,69.8106001600427,2913.14714417308,30.8691922941905,0.661739130434783,1.09101204511278,0.273767318969906,0.223533479918185,0.41369,3.17,0.16,"A","angio"
"19",19,"Betula lenta",7.7,12.8,10.3186721991701,787.1,1490.55,1177.69017980636,-10.795,-2.40500000000001,-6.20428769017981,66.94,93.348,78.4299446749654,4404.70902341667,24.1335,0.606050899933333,0.706326101851852,NA,NA,NA,2.58,0.28,"A","angio"
"20",20,"Betula nigra",7.6,20.4,13.8977732793522,745,1504.575,1111.37246963563,-13.4,6.83249999999999,-2.01852226720648,74.30025,117.83725,93.1205668016194,2592.17584385,11.8002160095,0.5,1.20820051515152,NA,NA,NA,1.45,0.1,"A","angio"
"21",21,"Betula papyrifera",2.2,10.7,6.52726500566251,458,1493.725,929.797565118913,-20.6,0.572499999999991,-11.4825028312571,57.063,85.14,69.1987178035664,2666.36535448235,21.8296903956859,0.52,0.477587426380952,0.40062,0.35274,0.48176,1.54,0.16,"A","angio"
"22",22,"Betula pendula",2.1,12,8.30836517414224,512,1352,774.023683085731,-13.5,3,-2.78547411504138,42.5,79.64,61.8306454158527,1004.1132555227,17.7295100041075,0.541839625071429,0.209505229437229,0.375364479609075,0.29203614556746,0.4511723196,2.03,0.09,"A","angio"
"23",23,"Betula pubescens",-0.3,10.7,6.49281725385445,416,1773,789.557367304856,-14.9,2.9,-4.66631565043186,35.15725,73.51275,55.4571967045038,1171.5980952381,11.562773456992,0.569401356166667,0.264128205128205,0.466411292864178,0.365849308622079,0.549712,1.85,0.07,"A","angio"
"24",24,"Calocedrus decurrens",6,16.5,10.7327764518695,329.4,1652.4,832.388225934765,-7.7,4.41999999999998,-2.22919649960223,71.65,126.06,98.3653460620525,NA,NA,0.4555,30.076757,NA,NA,NA,3.21,0.53,"D","gymno"
"25",25,"Carpinus betulus",7.3,13.4,10.1166326456222,558,1318,820.953342567617,-4.7,3.1,-0.632428130543608,53.87225,83.11,67.6429096319689,2382.57317509091,21.0009855091356,0.720242,33.7116523809524,0.254412142857143,0.2047815,0.295612,3.97,0.12,"A","angio"
"26",26,"Carpinus caroliniana",6.8,20.3,11.9286960514233,764,1527,1082.06565656566,-13.9,6.9,-4.60477502295684,66.89275,112.923,85.6946694214876,1685.13032978399,23.5034663559167,0.65,18.4315040833333,0.2804495824,0.2074040883,0.355,4.58,0.21,"A","angio"
"27",27,"Carya alba",9.5,19.9275,13.8055319148936,841.425,1616.4,1183.85319148936,-8.3,7.155,-1.8468085106383,72.7435,113.69925,92.0165106382979,19838.6203351743,20.1878317538169,0.685,5269.51947221429,0.294818379322716,0.25882352941,0.32727272727,2.2,NA,"A","angio"
"28",28,"Carya cordiformis",6.7,15.915,9.31316017316017,742.55,1359.9,958.271861471861,-14.1,0.7,-8.76406926406926,66.75,104.674,79.6652467532467,9787.58226541667,24.5042069361111,0.6,2833.920973,0.270750776992222,0.21739130435,0.31132075472,2.07,0.07,"A","angio"
"29",29,"Carya glabra",8.1,22.6,13.8320402298851,795.375,1538.875,1179.25143678161,-8.8,12.8625,-1.53462643678161,72.74875,127.9975,93.2467097701149,21152.0140329755,18.1731686672804,0.71,3069.50669008333,0.287178028240769,0.223258377429,0.3350649794845,2.69,0.35,"A","angio"
"30",30,"Carya ovata",7.3,16.1,10.3510411846367,750,1436,1013.81027302175,-13.2,1,-6.80610828320222,68.38,104.95,82.741855622397,5544.43033816667,15.0481604708333,0.654006958133333,4299.58184154082,0.290968637902333,0.25,0.33333333333,3.4,0.29,"A","angio"
"31",31,"Carya texana",11.5575,20.985,18.2484375,631.575,1362.975,882.5,-7.5425,6.3425,2.3765625,90.8985,136.69075,117.13359375,3097.57600842857,20.1848583923529,0.54,5473.66,0.2751536281444,0.19230769231,0.30952380952,NA,NA,"A","angio"
"32",32,"Castanea sativa",8.5,15.6,11.6245497170083,480,1369,843.556590747007,-3.9,5.5,1.13547334719209,58.11,112.24,79.138640878281,5947.9216666501,17.8603684771024,0.447535242833333,4183.12589533571,0.356479822373285,0.265,0.432814950047041,3.15,0.23,"A","angio"
"33",33,"Celtis occidentalis",7,17.7,10.9454450806871,581,1289,947.030192608017,-14,8.1,-6.26928682977616,67.1,110.55,86.8376522644456,4456.15292875758,21.4736249545022,0.49,94.6721799259259,0.219425459319394,0.165760869565,0.2771401985125,3.17,0.17,"A","angio"
"34",34,"Diospyros virginiana",11.7875,21.5125,16.3476758045292,810.625,1588.125,1151.45858164482,-5.5125,10.2,0.999642431466031,84.18,131.83,104.996185935638,4512.38911269907,24.888434554375,0.657666666666667,306.026458795918,0.21328219588953,0.15853658537,0.37382078638,4.21,0.21,"A","angio"
"35",35,"Erica arborea",10.8,17.9,15.607556536128,494,1096,747.337418163505,0,8.3,4.38756564905633,77.91925,123.31,103.496981398917,5.36212121211364,7.83101716533333,NA,0.0458333333333333,NA,NA,NA,NA,NA,"C","angio"
"36",36,"Eucalyptus globulus",12.1,18.6174999999996,16.3491717254862,545,1015,762.009380251741,3.4,9.3,6.52556847412285,81.24,123.68,106.986521575149,NA,10.8290492610286,0.721969394,8.53155927678572,NA,NA,NA,NA,NA,"C","angio"
"37",37,"Fagus grandifolia",5.3,17.1,10.2553649068323,775,1508,1087.14767080745,-14.4,2.1,-6.47628881987578,62.3,105.65,79.9287493207049,3905.23743724742,23.3988301829219,0.615,265.67347997619,0.371870169242609,0.303787878787879,0.441858383071369,4.75,0.14,"A","angio"
"38",38,"Fagus sylvatica",6.1,12.1,8.94422580224682,554,1551,858.092861246421,-6.2,3.4,-1.56298778103381,48.63,82.05,63.6900480082603,2140.9530203341,20.2384302910523,0.645873393992593,166.116033333333,0.433035615792913,0.29784496623,0.636363636363636,4.56,0.11,"A","angio"
"39",39,"Fraxinus americana",5.5,20.1825,10.7974085365854,723.175,1443,1002.77489837398,-14.2,5,-6.41808943089431,61.8935,126.44075,83.3715802845528,10099.96363183,24.6342553514147,0.595,41.4647258333333,0.321302785275277,0.21621621622,0.46998011928,2.46,0.21,"A","angio"
"40",40,"Fraxinus excelsior",5.7,12.4,8.74397077213545,534,1563,811.120265797023,-7.1,3.3,-1.73203001250521,48.02,82.2582499999998,63.6740628183029,4201.46265391708,18.4589206743356,0.570787697952381,50.7767277850877,0.341609086035945,0.263,0.412481300699301,2.66,0.13,"A","angio"
"41",41,"Fraxinus nigra",2.5,10.1325,6.40668016194332,645,1258.325,894.782388663968,-20.4,-6.7,-13.0054655870445,58.1145,87.099,69.3884615384615,14758.6099642222,21.5707290821139,0.49,47.8189270716667,NA,NA,NA,2.96,0.43,"A","angio"
"42",42,"Fraxinus pennsylvanica",3.2,20,9.33782383419689,403.7,1266.3,830.216420884815,-19,4.9,-7.63495416500598,51.217,119.364,76.7725548027102,12080.9924332222,19.0459286837143,0.589833333333333,32.6312542442857,0.268578128960784,0.19055,0.37765725575,3.11,0.11,"A","angio"
"43",43,"Gleditsia triacanthos",8.2,19.6,13.5580374361883,433,1324,861.908905275099,-9.8,7.5,-0.508667044809983,59.14475,129.9,89.5948832199547,135.5,31.1,0.635,174.54906384375,NA,NA,NA,1.61,0.2,"A","angio"
"44",44,"Gordonia lasianthus",17.3,23.5,20.8190476190476,1239.55,1551.05,1336.90079365079,3.4275,15.3,9.23412698412698,98.61875,134.9325,114.815555555556,4465.41268833333,13.706542455,0.37,3.471201,NA,NA,NA,3,NA,"C","angio"
"45",45,"Ilex opaca",10.1,20.5,14.4276889848812,917,1583.275,1175.03542116631,-5.7,8.1,-0.775701943844492,78.1205,116.1645,94.2269363538296,1400.4997329,10.4431501721601,0.5,16.7758138333333,NA,NA,NA,4.28,0.37,"C","angio"
"46",46,"Juglans nigra",7.1,18.8,11.758358662614,573.35,1429.3,973.937386018237,-13.5,3.66499999999996,-3.90952380952381,61.58,115.31,84.9802329821718,14309.142857131,22.8591074283333,0.5376,11552.646032449,NA,NA,NA,1.93,0.25,"A","angio"
"47",47,"Juniperus occidentalis",3.6,12.605,7.49032992036405,218,1390.1,620.241183162685,-10.6,-1.3,-6.45312855517634,76.779,117.0775,92.0625142207054,NA,1.9,0.5126825,38.8122385,NA,NA,NA,1.67,0.16,"D","gymno"
"48",48,"Juniperus thurifera",4.81,15.2,11.0073708647707,389,1208,657.503772489843,-7.3,2.1,-1.20139291932676,68.4025,112.05,91.5386186883343,NA,NA,0.53,30.5,NA,NA,NA,NA,NA,"D","gymno"
"49",49,"Juniperus virginiana",7.12,21.3,13.6010239865339,710,1495.8,1072.898022163,-13.6,10.2,-2.46866320662084,70.7075,130.84,95.8767059318469,25.758064516129,2.83964345463333,0.4844355,17.73133175,0.504182999410747,0.50418299941,0.504182999412129,1.28,0.09,"D","gymno"
"50",50,"Larix decidua",1.9,10.6,7.85383813019123,537,1755.9,881.543248985899,-11.3,3,-3.02708904771103,47.15,77.96,62.1221780880028,17.251728772306,15.1236639162624,0.493378169142857,5.463107,0.383184347017837,0.2885,0.42447784721,1.46,0.29,"B","gymno"
"51",51,"Larix laricina",0.2,9.4,5.98492164337145,481,1480,929.584074544684,-21.1,-6.3,-12.4166878441338,51.48,84.17,68.1660821685726,24.2168452436667,14.278274681556,0.513333333333333,1.7319526,NA,NA,NA,0.98,0.09,"B","gymno"
"52",52,"Larix occidentalis",1.8675,9.3,6.42467532467532,302.75,1263.275,581.850649350649,-11.4975,-3.5675,-7.07207792207792,57.36475,85.418,71.742987012987,25.2,11.0240740740741,0.526363116,3.22506644444444,NA,NA,NA,1.35,0.23,"B","gymno"
"53",53,"Liquidambar styraciflua",10.2,21.2,15.6018351925153,795.875,1598,1187.62765383231,-6.2,10.2,0.893792731198273,76.72625,122.91075,99.1493317143371,8015.73361120202,15.7689376296906,0.481552945,5.30204689685714,0.33,0.33,0.33,1.59,0.14,"A","angio"
"54",54,"Liriodendron tulipifera",8.6,18,12.9010614702155,768,1563.425,1128.40644803549,-8.1,4,-2.72552281368821,69.18,110.69,89.9850344554455,11810.1639148733,21.2619154560718,0.359276546333333,34.6298565714286,NA,NA,NA,2.07,0.27,"A","angio"
"55",55,"Maclura pomifera",9.9,21.1,15.7017070600632,501.6,1442,935.944362486828,-8.1,9.2,0.699283456269758,71.1925,139.38,101.887434224374,5067.074791,NA,0.8,37.8457127301515,NA,NA,NA,1.45,0.29,"A","angio"
"56",56,"Magnolia virginiana",11.58,24,17.4906048906049,942.2,1609,1298.5045045045,-4.36,15.6,3.91776061776062,81.642,136.34,104.542123552124,5668.1226432288,13.5159414306761,0.45,59.3361423333333,0.35,0.35,0.35,3,0,"A","angio"
"57",57,"Morus rubra",9.8,22.8,17.1786826347305,742.7,1527.3,1129.79281437126,-7.915,13.3,2.06215568862275,81.298,133.258,107.284610778443,6939.77314944444,27.3982400561667,0.59,1.43634507930952,NA,NA,NA,2.34,0.16,"A","angio"
"58",58,"Notholithocarpus densiflorus",9.2625,14.8,12.6805872756933,556.625,1904.875,953.123164763458,-1,7.2375,4.81011419249592,79.9,114.49,95.0396329526917,NA,11.37,0.71,5431.0866783,NA,NA,NA,NA,NA,"C","angio"
"59",59,"Nyssa aquatica",14.5925,20.5,17.3717948717949,1129.625,1637,1305.29487179487,-2.6075,7.3225,2.1474358974359,94.84525,116.5265,105.679615384615,6774.388144875,NA,0.485,929.447387283333,NA,NA,NA,3.47,0.53,"A","angio"
"60",60,"Nyssa sylvatica",8.4,20.2,13.0897905759162,865.625,1601.125,1175.83420593368,-8.6375,7,-2.52242582897033,70,114.46125,90.0476614310646,2576.37540634844,16.984047521,0.509745080333333,196.616657159864,0.29,0.29,0.29,3.52,0.28,"A","angio"
"61",61,"Ostrya virginiana",4.8,19.6,9.39526484751204,702.275,1487.725,1013.06781701445,-15.7,6.27249999999999,-8.13932584269663,62.46,110.40725,79.0325722311397,3055.56646044464,33.1374011676194,0.63,15.6906959166667,0.35206228525853,0.268360077023329,0.421677438305602,4.58,0.21,"A","angio"
"62",62,"Oxydendrum arboreum",10,19.4,14.5916354556804,925,1748,1281.62047440699,-5.1,6.2,-0.427590511860175,79.67,112.16,95.6808988764045,5130.8698745,26.189005235,0.516919402666667,0.1776932,0.28,0.28,0.28,2.7,0.35,"A","angio"
"63",63,"Picea abies",0.4,10.6,5.94665260473539,500,1579,764.753721777229,-14.9,1.2,-6.48257496117144,36.26,75.03,53.6558489517315,32.1027571428571,4.49251918257402,0.423023823142857,6.05499607142857,0.421707687289884,0.0824948907542387,0.623076923076923,4.45,0.5,"D","gymno"
"64",64,"Picea glauca",0,9,7.01692449780651,347,1330.75,798.186331101362,-20.6,0.3,-5.94045255137382,46.53,79.6725,64.1566174093743,36.3076216666667,9.95397762369063,0.398192677,2.29860031481481,0.447638448655154,0.415191256830601,0.505645,4.15,0.17,"D","gymno"
"65",65,"Picea mariana",-3.7175,10.5,4.76816192560175,358.475,1511.175,830.956236323851,-25.5175,-2.8,-13.2224288840263,42.895,101.12225,65.9293544857768,62.3238002658173,5.94929083102422,0.437299490666667,1.08654760714286,NA,NA,NA,4.08,0.18,"D","gymno"
"66",66,"Picea rubens",4.2,9.32749999999999,6.66831932773109,837.725,1721,1111.60672268908,-15.9,-5.5,-11.8756302521008,60.87075,88.8875,69.2631008403361,17.17738371,8.36073333333333,0.386666666666667,3.49279539993333,NA,NA,NA,4.39,0.39,"D","gymno"
"67",67,"Picea sitchensis",5.4,11.2,8.0225936123348,629.975,2200.025,1219.99702643172,-3.8,4.2,-0.426200440528634,46.29,75.561,60.0404972830562,15.4789289752452,9.55296824046133,0.356787324333333,2.01444135714286,0.371766462505161,0.27585,0.402759715829,3.85,0.36,"D","gymno"
"68",68,"Pinus albicaulis",-1.8,4.6,1.38562992125984,372,2158.15,931.340551181102,-16.4,-7.1675,-11.7698818897638,53.0335,95.98625,72.3040354330709,NA,4.175,0.454386346,142.223146238095,NA,NA,NA,1,NA,"D","gymno"
"69",69,"Pinus banksiana",0,9.48,5.31180496150556,447.8,1401,840.680068434559,-23.48,-3.3,-13.5762189905902,50.3425,86.7525,67.529000853971,189.006057998571,9.07108492647035,0.43,3.60058245057778,NA,NA,NA,1.36,0.33,"D","gymno"
"70",70,"Pinus canariensis",8.285,18.7,15.823595505618,338,1069,578.449438202247,-4.39,8.74499999999999,3.22038523274478,93.33,121.32,104.208266452648,1435.37,9.67359922745833,0.61,105.599922,NA,NA,NA,NA,NA,"D","gymno"
"71",71,"Pinus clausa",20.2,23.9,21.5679611650485,1270,1563.625,1379.1359223301,8.1,16.1,10.4368932038835,107.49,138.5425,121.727669902913,70.8466666666667,6.69854568576,0.51,18.3541138333333,NA,NA,NA,2.21,NA,"D","gymno"
"72",72,"Pinus contorta",0.2,11.775,7.14092150792205,317,2390.75,931.748497541431,-15.6,5,-3.00865051903114,40.78475,96.2405,64.4041090909091,50,5.70291666666667,0.431950143166667,4.24909477083333,NA,NA,NA,4.12,NA,"D","gymno"
"73",73,"Pinus echinata",11.76,19.96,15.6371352785146,955.4,1566.8,1239.72148541114,-4.46,6.66,0.237400530503979,84.002,114.488,98.774774535809,70.93904715,NA,0.505287202333333,9.517636375,NA,NA,NA,1.86,0.36,"D","gymno"
"74",74,"Pinus elliottii",17.6,24.5,21.9994252873563,1083,1640.25,1375.99712643678,6.4,17.5,12.6064655172414,98.09,141.84,121.841681034483,238.969284733333,7.49640279906667,0.6,31.5274258333333,NA,NA,NA,2.65,NA,"D","gymno"
"75",75,"Pinus jeffreyi",4.5175,13.3,8.63787878787879,269.35,1728.65,579.668560606061,-9.5,1.2,-4.89128787878788,82.6725,131.62025,106.134128787879,170.5,4.73425,0.4025,125.426026066667,NA,NA,NA,1.74,0.26,"D","gymno"
"76",76,"Pinus nigra",7.3,13.8,10.3981495214889,378,1037,655.736236183212,-5.5,2.1,-2.15706289508069,61.94725,112.2,91.608522851597,100.316333333333,5.2438799648,0.482623751666667,18.5579206963141,NA,NA,NA,2.1,0.43,"D","gymno"
"77",77,"Pinus palustris",15.4,22.3,19.2315345699831,1123,1619.375,1353.413153457,0.5,12.2,6.10640809443508,94.65375,129.86875,108.603566610455,756.741631991667,4.1997450954375,0.593333333333333,97.7275387526667,0.26,0.26,0.26,0.87,0.13,"D","gymno"
"78",78,"Pinus pinaster",9.7,17.4,14.0991611753631,428,1505,826.710585888471,-3.2,8.8,2.71286533978842,77.55,116.1,96.0737929971989,314.091055254269,4.94760286402279,0.388379466666667,55.5196625,NA,NA,NA,1.35,NA,"D","gymno"
"79",79,"Pinus pinea",14.1,18.7,16.9942673942475,437,907,627.245276123556,1,9.5,5.52202094701783,91.9,123.63,106.281817676025,134.675,5.10333333333333,0.501085100333333,615.581555555556,NA,NA,NA,NA,NA,"D","gymno"
"80",80,"Pinus ponderosa",4.7,13.7,9.64956229938722,259.325,991,483.631601984243,-12.4,0.8,-5.89699445579224,67.37975,110.824,93.163698570178,145.848659003831,5.87163967571034,0.432131206466667,35.8693564833333,0.480169093146253,0.3382,0.5819,1.64,0.15,"D","gymno"
"81",81,"Pinus radiata",11,16.4,13.5634799585138,574,1219,821.018485754377,1.7,9.4,7.47004453663596,74.5205,115.04,104.778171564443,82.7907307,12.3821006133864,0.41,33.0138245555556,NA,NA,NA,2.97,0.03,"D","gymno"
"82",82,"Pinus resinosa",2.8,10.425,6.66317260656883,654,1365.25,905.034241788959,-19.425,-5.675,-11.9742837176799,59.9725,86.55,71.6790985324948,335.558956633333,6.3396155892483,0.436666666666667,9.06905638888889,0.494,0.46056,0.525825,1.89,0.21,"D","gymno"
"83",83,"Pinus rigida",7.305,13.1,10.1868997310795,829,1468,1122.27660391856,-10.7,-1.5,-5.79454475605071,67.224,94.86,76.7905681381958,238.818987953333,5.94799511,0.495,7.32093383325,NA,NA,NA,1.99,0.51,"D","gymno"
"84",84,"Pinus serotina",15.4,22.1,18.7255813953488,1108.875,1577.25,1333.03488372093,0.8,11.6,6.14767441860465,92.91,120.12625,104.971744186047,462.2678488,3.58984386225,0.545,8.34884216675,0.27,0.27,0.27,1.47,NA,"D","gymno"
"85",85,"Pinus strobus",4.5,13.5,8.83336765557629,639,1439,1003.1438960036,-15.7,0.9,-7.45649655705,57.6045,94.18,73.0440420876504,196.666666666667,11.9143252854197,0.356666666666667,17.2403714642857,0.3624114002,0.2113945497,0.689555,3.21,0.2,"D","gymno"
"86",86,"Pinus sylvestris",0.1,11.5,6.57014557106224,421,1386,712.009442971337,-15.2,2.2,-5.66218981923593,35.63,101.98,58.7689100593149,83.9107335730655,5.05729802450294,0.407668065584143,6.92086083333333,0.406538213765099,0.244550416290075,0.744897959183673,1.67,0.33,"D","gymno"
"87",87,"Pinus taeda",13.3,20.6,17.0476011288805,877.1,1585,1205.08278457197,-2.5,8.1,2.41081843838194,85.6625,124.757,104.103960489182,141.776049201149,9.28484060315065,0.489450467,25.3419448571429,NA,NA,NA,1.99,0.51,"D","gymno"
"88",88,"Pinus uncinata",0.7,9.2,5.3170704845815,515,1887.925,1150.86894273128,-11.7,0.3,-6.36648311306902,51.03175,102.25,71.3644244868035,37.46,3.74663874753898,0.401342576,10,0.48738785645,0.45663803057,0.528847225585,1.2,NA,"D","gymno"
"89",89,"Pinus virginiana",10.4,16.595,13.7228028503563,848,1697.825,1159.40736342043,-5.5,1.5,-1.83646080760095,79.5645,108.1005,92.8856532066508,43.9497833405882,7.70536524125,0.485,8.48875546425,NA,NA,NA,1.99,0.51,"D","gymno"
"90",90,"Platanus occidentalis",8.6,20.7,14.2575568660489,713,1482,1049.83605728728,-9,7.36499999999996,-1.70449873631003,72.504,125.174,95.5338083207007,16884.2997891667,19.1436482983333,0.423333333333333,2.85312947619048,NA,NA,NA,2.86,0.16,"A","angio"
"91",91,"Populus deltoides",6.5675,20.6,12.632870864461,331,1280.625,857.882870864461,-14.1,6.7,-4.11294023479189,67.02,131.113,94.0636836489731,5135.25,12.1584410067534,0.411348657,0.869159175925927,NA,NA,NA,1.76,0.38,"A","angio"
"92",92,"Populus grandidentata",4.4,13.3,7.99668421052632,699,1428.575,1009.28052631579,-17,-2.4,-9.68578947368421,61.67475,92.14675,73.5550157894737,3555.4793683125,14.4184373512083,0.385,0.148697919114286,0.55305,0.4569575,0.6491425,1.21,0.27,"A","angio"
"93",93,"Populus nigra",7.7,18.1,12.7642707252392,382,1192,668.242522771821,-5.2,6.8,0.963641185287674,58.47,111.69,85.4891457402203,2939.89722222222,13.0816666666667,0.391505,0.805,0.307846,0.2691505,0.352345,2.46,0.09,"A","angio"
"94",94,"Populus tremula",0.7,12,7.19376005056002,491,1425,734.70403426846,-14.4,2.6,-4.62746883887504,38.5,80.73,58.106637794392,2217.49576717381,14.3560840603017,0.380352988649111,0.103711224489796,0.375067730616031,0.3003180820089,0.4541,2.22,0.07,"A","angio"
"95",95,"Populus tremuloides",0.5,10.9,6.05402759948652,258,1308.225,677.997593068036,-20.5,-3.3,-11.2568677792041,53.92775,104.20025,77.4403385750963,3637.89070579834,14.3098943676201,0.368001970958333,0.116400714285714,0.361071835655118,0.26732291064,0.439957967725202,1.21,0.18,"A","angio"
"96",96,"Prunus avium",6,13.7,9.59559639512281,541,1392,812.190693290923,-6.4,3.8,-1.00021911998586,49.09,88.07425,67.3409812435282,2340.76693333333,16.5071885598148,0.547319771333333,192.810284761905,0.38380875,0.3112815,0.467659,3.33,0.33,"A","angio"
"97",97,"Prunus serotina",7.4,15.1,10.1039700404374,582,1268,833.633911675066,-10.4,2.2,-0.701892392581821,55.76,103.55225,68.5181292801401,2617.29780860494,17.3236413477922,0.5649501262,114.155428214489,0.29936434188335,0.1859340659385,0.374793575225,2.46,0.34,"A","angio"
"98",98,"Pseudotsuga menziesii",5.2,13.4,9.74094301934399,344.575,2218.425,963.565496215307,-10,5.5,-0.674668839360807,54.34025,100.27875,70.1796660014704,27.9413934013333,7.43448940037421,0.477561770166667,11.6337769111111,0.519410112359551,0.4066,0.69202,2.78,0.18,"D","gymno"
"99",99,"Quercus alba",6.5,18.7,11.7759098786828,774,1502.25,1098.26754766031,-13.7,4.3,-4.60821057192374,67.29425,110.0245,85.9861260285838,7533.08404975654,14.9376834327499,0.6151790087,3092.78070233333,0.299337196375122,0.27179487179,0.32167832168,2.85,0.17,"A","angio"
"100",100,"Quercus chrysolepis",7.7,17.5,12.1645905420992,278.6,1497.45,736.960784313726,-5.7,6.1,0.309457900807382,83.765,135.5,106.200899653979,NA,NA,0.7,3149.20638203571,NA,NA,NA,2.5,0.5,"C","angio"
"101",101,"Quercus coccinea",8.9,16.3925,11.9589506172839,589.075,1521.3,1096.96296296296,-8.1,2.4,-2.90864197530864,58.14225,103.6515,83.5201234567901,12792.7767386667,11.80159386,0.568232420844444,1930.35033697143,NA,NA,NA,2.07,0.2,"A","angio"
"102",102,"Quercus ellipsoidalis",3.7,9.98,7.42544378698225,643.8,955.2,801.461538461538,-19.08,-7.24,-12.4650887573964,63.576,88.704,78.6427810650888,14195.7324086667,13.8641163932222,0.58,1645.9705,0.387366198,0.2826708998,0.4618511168,NA,NA,"A","angio"
"103",103,"Quercus faginea",10.1,17.7,14.6180727634839,435,905,632.965679349714,-3.1,6.9,1.88615363238461,86.1355,120.31,102.757180835051,991.618969345185,9.56061395461111,0.5929634505,1783.15333333333,0.46117208939,0.46117208939,0.46117208939,2.35,NA,"A","angio"
"104",104,"Quercus falcata",12.93,20.4,15.6929260450161,964.6,1593.8,1195.87781350482,-2.7,7.63999999999999,0.480064308681672,87.048,117.16875,99.4464561027837,5082.88505452823,10.0279950590767,0.630927468,825.370067363636,NA,NA,NA,2.5,NA,"A","angio"
"105",105,"Quercus ilex",9.5,16.8,13.195728942973,444,1303,802.240873299928,-1.7,7.8,2.71426270579814,62.98,108.66425,86.2070411317166,823.565570849237,6.44727408029279,0.59632541295,2604.04,0.367541091559547,0.0995048047230379,0.561240794998,3.02,0.19,"C","angio"
"106",106,"Quercus kelloggii",7.9,15.8,12.1942098092643,401.675,1440.3,770.626021798365,-5.9,6.2,0.145776566757493,83.5735,128.94,102.66280653951,4274.41666666667,9.39100390733333,0.615,4778.2866332,NA,NA,NA,1.55,NA,"A","angio"
"107",107,"Quercus laurifolia",16.3,23.99,21.4121212121212,1154.9,1636.8,1354.5696969697,1.41,16.06,10.1672727272727,97.253,138.151,118.437212121212,1729.31754410082,10.5739355097222,0.6185,810.4058435,NA,NA,NA,3.34,0.34,"A","angio"
"108",108,"Quercus lyrata",13.6,20.9,17.6102941176471,851.875,1597,1242.30147058824,-2.6625,8.2,2.76176470588235,86.79,124.8375,104.581985294118,7965.266965,NA,0.605,3242.60063527778,NA,NA,NA,2.97,0.03,"A","angio"
"109",109,"Quercus macrocarpa",3,20.6,11.0783099555251,495,1198.85,834.550461854259,-20.5,6,-7.57553882996921,63.9,128.369,89.5850940814232,16169.6343,14.8460075194444,0.625,5999.74122383333,0.34914648685,0.23492344705,0.4100860121,2.71,0.27,"A","angio"
"110",110,"Quercus marilandica",12.4,20.435,16.8781737193764,676.65,1606.15,1061.10987379362,-4.335,7.2,0.936822568671121,83.9595,137.3245,109.856956198961,14246.3288283333,11.260568851875,0.56,1561.613965,0.3167509632972,0.27884135472325,0.468249999999,3,NA,"A","angio"
"111",111,"Quercus michauxii",13.5,20.9,17.8280397022333,943.05,1623,1287.42431761787,-2.6,8.795,3.55558312655087,88.3015,124.284,104.803349875931,9866.98608897636,13.4163139932593,0.618699200633333,5098.21317283333,NA,NA,NA,2.22,NA,"A","angio"
"112",112,"Quercus muehlenbergii",8.1,20.6,14.818345323741,531.325,1336.4,935.190647482014,-10.1,5.5,-1.85275779376499,75.51775,128.35,102.431786570743,6645.10224711111,19.64636542,0.6,1180.18094206667,0.315646615883333,0.30496453901,0.33333333333,2.22,0.44,"A","angio"
"113",113,"Quercus nigra",14.2,22,18.5886300610094,892,1608.95,1254.5485302274,-1,10.9,4.50110926234054,92.8825,131.0595,109.924841930116,1884.45835907132,11.3156536468533,0.652026366666667,1140.31898527778,0.44,0.44,0.44,2.24,0.76,"A","angio"
"114",114,"Quercus pagoda",14.1,20.3,16.7128,1013.9,1568.8,1214.904,-2.7,7.47,1.4776,87.68,118.53625,102.825,NA,NA,NA,782.487184166667,NA,NA,NA,2.24,0.76,"A","angio"
"115",115,"Quercus petraea",7.1,12.2,9.78653452447422,576,1541,887.511222780569,-4.4,3.3,-0.61429182951796,53.5,82.58775,67.2861629808586,2862.6073715243,16.7017226221757,0.602127970833333,1325.80975308642,0.439308994299881,0.31065924312,0.600132924335378,2.73,0.27,"A","angio"
"116",116,"Quercus phellos",12.1,20.6,15.4853858784893,909,1501,1156.08374384236,-3.4,7.6,0.164860426929392,82.1985,122.06625,98.670697865353,1209.1311605,15.86704355,0.644043855,1311.74959554524,NA,NA,NA,2,NA,"A","angio"
"117",117,"Quercus pubescens",7.3,15.5,11.7651750134626,581,1358,869.529509962305,-5,5.4,0.560317716747442,64.44,100.50625,80.7815439276486,3118.99724818333,10.316727912697,NA,1845.93,0.450279103448276,0.412707,0.536,2.31,0.22,"A","angio"
"118",118,"Quercus pyrenaica",7.3,15.5,11.581768792305,441,1286.325,674.193088706804,-5.8,4.7,-0.655361596009975,71.8355,114.02,93.7912099358974,2541.13507461692,11.2756200594928,0.84,1298.55166666667,NA,NA,NA,NA,NA,"A","angio"
"119",119,"Quercus robur",5.7,12.8,8.72105871187074,528,1268,748.146095081023,-7.5,3.6,-1.96752370801988,48.73,81.46,63.2971877696332,2839.41828470236,16.7990078426915,0.628679238267857,2332.29257692308,0.388202790204005,0.283,0.4293055,2.45,0.28,"A","angio"
"120",120,"Quercus rubra",6.2,14.4,10.0383496107573,558,1344,847.34661004954,-13.4,3.6,-1.63860721868365,55.1,91.2295,68.1754654025754,6898.34677272201,16.5723078680605,0.586988698525,2617.73816607619,0.313178649006178,0.27578475336,0.419331823825643,2.75,0.18,"A","angio"
"121",121,"Quercus stellata",11.9975,20.5,16.851511627907,739.95,1454,1036.02848837209,-4.2,6.30249999999999,0.939302325581395,84.57975,137.5,109.080773255814,6219.2285588,11.1264453246667,0.710775772333333,1194.08261883333,0.316166116613333,0.30666666667,0.325,2.16,0.45,"A","angio"
"122",122,"Quercus suber",13.7,18.4,16.452265122779,511,980.774999999994,701.634210421242,1.6,9.1,5.51524216410461,92.17,122.75,105.199545565249,767.267026709091,10.5083544883939,0.668546627333333,3267.92633333333,0.517266718462383,0.495830237818677,0.552346207220412,NA,NA,"C","angio"
"123",123,"Quercus velutina",7.7,16.95,11.530999146029,756.25,1465,1079.80358667805,-11.2,1.875,-4.73945345858241,69.93475,108.79,85.8561945392491,11424.4027741351,14.0337266968148,0.615,2057.87179190476,0.304917962215263,0.26363636364,0.40455840456,2.72,0.22,"A","angio"
"124",124,"Quercus virginiana",15.5,24,20.6628664495114,770,1603,1265.97502714441,1.9,16.1,8.48501628664495,101.7155,140.6945,119.151670281996,1632.599353,6.78464275314762,0.901,1258.04528961111,NA,NA,NA,2.24,0.76,"C","angio"
"125",125,"Robinia pseudoacacia",7.8,15.7,11.0314799465241,489,1347,816.136470588235,-7.1,5.4,-0.450851604278075,56.92,99.7514999999999,72.3776762210196,2442.26199686556,23.5122906095783,0.691121306666667,17.8804504333333,0.334644766934817,0.27593299627,0.393404044090163,1.72,0.25,"A","angio"
"126",126,"Salix caprea",0.6,11.7,7.38445750365799,499,1554,782.147544373052,-14.5,2.8,-4.06837107958521,37.59,78.8,58.8325862575304,2065.11828704306,34.4521825259069,0.3741185672,0.106118518518519,0.338860419445538,0.236095585529,0.394676337434335,2.16,0.08,"A","angio"
"127",127,"Salix nigra",7.36,22.47,17.9685867381112,503.4,1573,960.119223040857,-12.21,9.67,2.43536503683858,77.412,140.27,112.636818486269,858.5154045,17.9,0.385,0.1085265,NA,NA,NA,1.34,0.12,"A","angio"
"128",128,"Sassafras albidum",8.8,19.3,12.6287294145931,812,1582.05,1147.0460391874,-8.1,5.7,-3.15887726890251,74.01,113.41,89.9425913461538,7004.88646205129,24.2596194114986,0.448,84.7873127783333,0.226447096119528,0.19117647059,0.26785714286,1.68,0.16,"A","angio"
"129",129,"Taxodium distichum",9.1,23.3,15.2141366378608,552,1568,991.908038480352,-5.6,13.5,2.58734713843144,57.99,129.223,91.441663133866,35.1117912833333,7.800078003,0.44374025275,90.717886717,NA,NA,NA,2.13,0.06,"B","gymno"
"130",130,"Thuja occidentalis",2.9,11.3,7.10292481977343,563,1366.65,876.870030895984,-18.9,-0.4,-9.8572605561277,51.11,88.518,70.2447312049434,7.66666666666667,8.98363151083333,0.303333333333333,1.4471556,NA,NA,NA,3.45,0.4,"D","gymno"
"131",131,"Thuja plicata",5.2,12.1,9.81875727251571,450,3134,1350.19548522225,-8.6,4.9,0.359483360484059,51.41,80.225,65.8703177916957,NA,NA,0.448041325333333,1.07875182857143,0.2715,0.245375,0.297625,4.73,0.15,"D","gymno"
"132",132,"Tilia americana",4.9,15.9,9.02944915254237,681.575,1396,966.754237288136,-16,1.3,-8.76470944309927,63.49,104.6105,78.241661622276,9925.5766409952,24.69739373825,0.36,90.8754992424242,0.241885990493333,0.21212121212,0.285035,3.98,0.15,"A","angio"
"133",133,"Tilia cordata",4.3,12.1,7.86105405101697,527,1369,750.973862231711,-11.7,2.1,-3.9869917968311,46.73,81.08,59.8672663373007,2494.8635,27.3914685801176,0.4341172036,32.7711224545455,0.358120177232447,0.28635727607362,0.403536,4.18,0.16,"A","angio"
"134",134,"Tilia platyphyllos",6.3,13.6,9.9234909402809,548,1536,875.666988313498,-6.2,3,-1.25290554304707,54.98625,88.97,69.2382208293153,5239.84266666667,31.37,0.425373361333333,87.6265277777778,0.206489,0.163041,0.24960825,4,0.2,"A","angio"
"135",135,"Triadica sebifera",16.9,23.2,19.9306424104605,582,2381.075,1241.14411597499,1.9,13.2,6.49178510517339,97.56,134.37675,114.401876065947,NA,NA,NA,133,0.40353,0.40353,0.40353,NA,NA,"C","angio"
"136",136,"Tsuga canadensis",5.1,14.3,8.78806245256424,743,1541.45,1056.59698579638,-14.2,-0.5,-8.25995879865554,61.501,95.37,74.335069933861,33.6666666666667,10.6487754091111,0.413333333333333,3.428866,NA,NA,NA,4.83,0.14,"D","gymno"
"137",137,"Tsuga heterophylla",4.8,12,9.17158077304262,583.875,3098.75,1446.01313181368,-8.1125,5.1,0.389172447968285,47.10075,79.94625,62.951315529179,16,12.17896561911,0.44,1.637859375,NA,NA,NA,4.96,0.07,"D","gymno"
"138",138,"Tsuga mertensiana",0.2425,7.6,3.93850855745721,459.85,3287,1657.97799511002,-13.0575,-1.24250000000001,-7.44278728606357,48.19375,96.09725,71.6776528117359,NA,4.32,0.51,3.980352,NA,NA,NA,4.48,0.03,"D","gymno"
"139",139,"Ulmus alata",13.7,20.5,17.1332926829268,896,1591,1214.82073170732,-3.3,7.45749999999999,1.78987804878049,91.59,131.7425,106.672512195122,1026.76666665833,21.79635778,0.665,4.012374,NA,NA,NA,3.03,0.08,"A","angio"
"140",140,"Ulmus americana",4.4,20.7,11.7635784781917,583,1338.5,956.429481056988,-16.3,7.65,-5.81368990767272,62.45,130.655,88.7190830945559,5342.72480776629,14.6322508873778,0.505,5.9104372037037,NA,NA,NA,3.14,0.12,"A","angio"
"141",141,"Ulmus minor",8.5,17.9,11.7694846040684,447,1137,735.589103637194,-3.9,5.7,1.0103586465784,59.36,107.84,77.009543946722,1833.10097142,23.787540825,0.5959899112,5.171875,0.261107597742004,0.2194565,0.34704195666,3.36,0.11,"A","angio"
"142",142,"Ulmus rubra",6.43,18.7,10.9120075046904,755.3,1467.4,1008.51031894934,-14.2,2.5,-6.96041275797373,66.511,124.526,85.4829455909944,5060.96222003922,21.0704663513987,0.525,11.0747088333333,0.243400182294851,0.1529905914,0.3154135338305,3.31,0.19,"A","angio"
